learning_rate,n_steps,batch_size,n_epochs,gamma,gae_lambda,clip_range,ent_coef,alpha,beta,s_min
0.0004648324931372352,4096,32,20,0.744925159036513,0.780145880778388,0.3437135045919786,0.0035912067095358277,1.4834450633179632,0.7220662178965103,2.7241131359660256
